공지,일반모니터,[더스킨팩토리] 쿤달 뷰티 체험단 2기 모집 (~07.28),hera,2017.07.07,6
공지,대학생모니터,[부산시] 제20회 부산국제관광전 서포터즈 모집 (~ 07.25),hera,2017.07.07,5
공지,일반모니터,[더블앤제로] 더블리 7기 모집 (~ 07.27),hera,2017.07.07,7
8925,일반모니터,[코스메카코리아] 메카프렌즈 5기 모집 (~07.14),hera,2017.07.07,10
8924,대학생모니터,[한국문화예술위원회] 예술나무 알리미 2기 모집 (~ 07.09),hera,2017.07.07,9
8923,대학생모니터,[건원엔지니어링] 서포터즈 3기 모집 (~ 07.16),hera,2017.07.07,2
8922,일반모니터,[보나쥬르] 네이쳐프렌즈 서포터즈 모집 (~07.11),hera,2017.07.06,20
8921,일반모니터,[미샤] 미샤니아 4기 모집 (~07.23),hera,2017.07.06,26
8920,일반모니터,[한국문화관광연구원] 아키스 2기 모집 (~ 07.19),hera,2017.07.06,34
8919,일반모니터,[KBL] 어시스터 2기 모집 (~ 07.20),hera,2017.07.06,22
8918,대학생모니터,[외교부] 서포터즈 11기 모집 (~ 07.23),hera,2017.07.05,24
8917,일반모니터,[레페토] 에뚜왈 11기 모집 (~ 07.23),hera,2017.07.05,24
8916,대학생모니터,[신기한리스닝나라] 쏙쏙리스너 6기 모집 (~07.19),hera,2017.07.05,8
8915,일반모니터,[쿠우쿠우] Fresh Supporters 모집 (~ 07.19),hera,2017.07.05,45
8914,일반모니터,[한국관광공사] 청와대 사랑채 & K-STYLE HUB 온라인 홍보단 모집 (~ 07.11),hera,2017.07.05,40
8913,일반모니터,[슈발베] 서포터즈 1기 모집 (~ 07.12),hera,2017.07.05,24
8912,대학생모니터,[한국직업방송] 드림스피커즈 2기 모집 (~ 07.31),hera,2017.07.04,11
8911,대학생모니터,[삼성전자] 대학생 기자단 6기 모집 (~08.13),hera,2017.07.04,9
8910,주부모니터,[애니스쿨] 애니맘 15기 모집 (~ 07.04),hera,2017.07.04,20
8909,주부모니터,[씨엔티코리아] 스텐락 주부 서포터즈 6기 모집 (~ 07.28),hera,2017.07.04,37
